Country,CountryCode,Slug,NewConfirmed,TotalConfirmed,NewDeaths,TotalDeaths,NewRecovered,TotalRecovered,Date,Premium
Afghanistan,AF,afghanistan,282,44988,8,1695,42,35976,2020-11-24T07:24:39Z,{}
Albania,AL,albania,795,33556,17,716,388,16230,2020-11-24T07:24:39Z,{}
Algeria,DZ,algeria,1005,75867,22,2294,627,49421,2020-11-24T07:24:39Z,{}
Andorra,AD,andorra,48,6304,0,76,47,5405,2020-11-24T07:24:39Z,{}
Angola,AO,angola,141,14634,0,337,5,7351,2020-11-24T07:24:39Z,{}
Antigua and Barbuda,AG,antigua-and-barbuda,0,139,0,4,0,128,2020-11-24T07:24:39Z,{}
Argentina,AR,argentina,4265,1374631,120,37122,8308,1203800,2020-11-24T07:24:39Z,{}
Armenia,AM,armenia,485,126709,24,1976,1009,95099,2020-11-24T07:24:39Z,{}
Australia,AU,australia,9,27843,0,907,6,25533,2020-11-24T07:24:39Z,{}
Austria,AT,austria,3145,250333,71,2459,6267,175527,2020-11-24T07:24:39Z,{}
Azerbaijan,AZ,azerbaijan,2187,95281,29,1160,634,64475,2020-11-24T07:24:39Z,{}
Bahamas,BS,bahamas,18,7431,0,163,0,5652,2020-11-24T07:24:39Z,{}
Bahrain,BH,bahrain,181,85886,1,339,188,84017,2020-11-24T07:24:39Z,{}
Bangladesh,BD,bangladesh,2419,449760,28,6416,2183,364611,2020-11-24T07:24:39Z,{}
Barbados,BB,barbados,1,260,0,7,0,241,2020-11-24T07:24:39Z,{}
Belarus,BY,belarus,1483,125482,8,1104,850,104698,2020-11-24T07:24:39Z,{}
Belgium,BE,belgium,1123,559902,137,15755,0,0,2020-11-24T07:24:39Z,{}
Belize,BZ,belize,66,5249,4,120,35,2877,2020-11-24T07:24:39Z,{}
Benin,BJ,benin,0,2916,0,43,0,2579,2020-11-24T07:24:39Z,{}
Bhutan,BT,bhutan,4,386,0,0,3,363,2020-11-24T07:24:39Z,{}
Bolivia,BO,bolivia,56,144034,9,8916,210,119548,2020-11-24T07:24:39Z,{}
Bosnia and Herzegovina,BA,bosnia-and-herzegovina,547,80553,66,2342,1344,45760,2020-11-24T07:24:39Z,{}
Botswana,BW,botswana,398,9992,0,31,396,7692,2020-11-24T07:24:39Z,{}
Brazil,BR,brazil,16207,6087608,302,169485,23211,5481184,2020-11-24T07:24:39Z,{}
Brunei Darussalam,BN,brunei,1,149,0,3,0,145,2020-11-24T07:24:39Z,{}
Bulgaria,BG,bulgaria,3146,124966,189,3069,1702,38226,2020-11-24T07:24:39Z,{}
Burkina Faso,BF,burkina-faso,19,2754,0,68,20,2552,2020-11-24T07:24:39Z,{}
Burundi,BI,burundi,2,664,0,1,0,575,2020-11-24T07:24:39Z,{}
Cambodia,KH,cambodia,0,306,0,0,1,296,2020-11-24T07:24:39Z,{}
Cameroon,CM,cameroon,314,23842,0,435,0,22177,2020-11-24T07:24:39Z,{}
Canada,CA,canada,6795,340718,68,11569,5178,274315,2020-11-24T07:24:39Z,{}
Cape Verde,CV,cape-verde,26,10302,0,104,61,9791,2020-11-24T07:24:39Z,{}
Central African Republic,CF,central-african-republic,0,4911,0,63,0,1924,2020-11-24T07:24:39Z,{}
Chad,TD,chad,6,1648,0,101,7,1476,2020-11-24T07:24:39Z,{}
Chile,CL,chile,1440,542080,37,15106,1403,517524,2020-11-24T07:24:39Z,{}
China,CN,china,95,92211,0,4742,24,86816,2020-11-24T07:24:39Z,{}
Colombia,CO,colombia,6562,1254979,192,35479,7965,1158897,2020-11-24T07:24:39Z,{}
Comoros,KM,comoros,0,596,0,7,0,572,2020-11-24T07:24:39Z,{}
Congo (Brazzaville),CG,congo-brazzaville,0,5632,0,93,1101,4988,2020-11-24T07:24:39Z,{}
Congo (Kinshasa),CD,congo-kinshasa,98,12278,2,329,86,11386,2020-11-24T07:24:39Z,{}
Costa Rica,CR,costa-rica,2877,132295,33,1641,1964,81336,2020-11-24T07:24:39Z,{}
Croatia,HR,croatia,1973,105691,45,1398,2638,85018,2020-11-24T07:24:39Z,{}
Cuba,CU,cuba,33,7879,0,132,22,7356,2020-11-24T07:24:39Z,{}
Cyprus,CY,cyprus,304,8947,0,44,0,2055,2020-11-24T07:24:39Z,{}
Czech Republic,CZ,czech-republic,4375,496638,164,7360,7881,405982,2020-11-24T07:24:39Z,{}
Côte d'Ivoire,CI,cote-divoire,10,21148,0,131,21,20819,2020-11-24T07:24:39Z,{}
Denmark,DK,denmark,1169,72172,5,789,758,56547,2020-11-24T07:24:39Z,{}
Djibouti,DJ,djibouti,0,5668,0,61,0,5555,2020-11-24T07:24:39Z,{}
Dominica,DM,dominica,5,77,0,0,8,63,2020-11-24T07:24:39Z,{}
Dominican Republic,DO,dominican-republic,419,138829,1,2311,330,112882,2020-11-24T07:24:39Z,{}
Ecuador,EC,ecuador,301,185944,24,13225,0,164009,2020-11-24T07:24:39Z,{}
Egypt,EG,egypt,354,113381,12,6560,100,101981,2020-11-24T07:24:39Z,{}
El Salvador,SV,el-salvador,0,37562,6,1081,0,34297,2020-11-24T07:24:39Z,{}
Equatorial Guinea,GQ,equatorial-guinea,7,5137,0,85,30,5005,2020-11-24T07:24:39Z,{}
Eritrea,ER,eritrea,7,558,0,0,0,473,2020-11-24T07:24:39Z,{}
Estonia,EE,estonia,232,9956,4,92,21,5720,2020-11-24T07:24:39Z,{}
Ethiopia,ET,ethiopia,418,106203,4,1651,148,65839,2020-11-24T07:24:39Z,{}
Fiji,FJ,fiji,0,35,0,2,0,33,2020-11-24T07:24:39Z,{}
Finland,FI,finland,297,21936,9,384,0,15300,2020-11-24T07:24:39Z,{}
France,FR,france,4760,2195940,505,49312,911,158170,2020-11-24T07:24:39Z,{}
Gabon,GA,gabon,19,9150,0,59,23,8999,2020-11-24T07:24:39Z,{}
Gambia,GM,gambia,0,3726,0,123,0,3582,2020-11-24T07:24:39Z,{}
Georgia,GE,georgia,3958,108690,36,1012,3531,89170,2020-11-24T07:24:39Z,{}
Germany,DE,germany,14455,946822,301,14460,18748,630375,2020-11-24T07:24:39Z,{}
Ghana,GH,ghana,67,50941,0,323,194,49599,2020-11-24T07:24:39Z,{}
Greece,GR,greece,1387,93006,84,1714,0,23074,2020-11-24T07:24:39Z,{}
Grenada,GD,grenada,0,41,0,0,0,30,2020-11-24T07:24:39Z,{}
Guatemala,GT,guatemala,93,118722,16,4092,406,107819,2020-11-24T07:24:39Z,{}
Guinea,GN,guinea,15,12841,0,75,15,11853,2020-11-24T07:24:39Z,{}
Guinea-Bissau,GW,guinea-bissau,1,2422,0,43,23,2309,2020-11-24T07:24:39Z,{}
Guyana,GY,guyana,21,5154,3,146,15,4034,2020-11-24T07:24:39Z,{}
Haiti,HT,haiti,10,9224,0,232,32,7886,2020-11-24T07:24:39Z,{}
Holy See (Vatican City State),VA,holy-see-vatican-city-state,0,27,0,0,0,15,2020-11-24T07:24:39Z,{}
Honduras,HN,honduras,776,105211,12,2869,408,46616,2020-11-24T07:24:39Z,{}
Hungary,HU,hungary,3334,177952,91,3891,424,43339,2020-11-24T07:24:39Z,{}
Iceland,IS,iceland,12,5289,0,26,19,5065,2020-11-24T07:24:39Z,{}
India,IN,india,37975,9177840,480,134218,42314,8604955,2020-11-24T07:24:39Z,{}
Indonesia,ID,indonesia,4442,502110,118,16002,4198,422386,2020-11-24T07:24:39Z,{}
"Iran, Islamic Republic of",IR,iran,12460,866821,453,45255,6961,610406,2020-11-24T07:24:39Z,{}
Iraq,IQ,iraq,2136,537457,38,11996,2202,467654,2020-11-24T07:24:39Z,{}
Ireland,IE,ireland,250,70711,0,2023,0,23364,2020-11-24T07:24:39Z,{}
Israel,IL,israel,1080,329998,12,2811,714,318601,2020-11-24T07:24:39Z,{}
Italy,IT,italy,22927,1431795,630,50453,31395,584493,2020-11-24T07:24:39Z,{}
Jamaica,JM,jamaica,59,10343,1,239,13,5518,2020-11-24T07:24:39Z,{}
Japan,JP,japan,1520,134554,6,1949,1070,111343,2020-11-24T07:24:39Z,{}
Jordan,JO,jordan,4981,188410,66,2302,5996,120014,2020-11-24T07:24:39Z,{}
Kazakhstan,KZ,kazakhstan,0,126182,0,1945,0,112806,2020-11-24T07:24:39Z,{}
Kenya,KE,kenya,413,77785,12,1392,396,51903,2020-11-24T07:24:39Z,{}
Korea (South),KR,korea-south,349,31353,1,510,183,26722,2020-11-24T07:24:39Z,{}
Kuwait,KW,kuwait,337,140393,2,868,670,132848,2020-11-24T07:24:39Z,{}
Kyrgyzstan,KG,kyrgyzstan,304,69885,6,1237,349,61160,2020-11-24T07:24:39Z,{}
Lao PDR,LA,lao-pdr,0,25,0,0,0,23,2020-11-24T07:24:39Z,{}
Latvia,LV,latvia,116,13236,9,162,0,1635,2020-11-24T07:24:39Z,{}
Lebanon,LB,lebanon,1041,117517,11,911,1412,69079,2020-11-24T07:24:39Z,{}
Lesotho,LS,lesotho,0,2086,0,44,0,1276,2020-11-24T07:24:39Z,{}
Liberia,LR,liberia,0,1551,0,82,0,1331,2020-11-24T07:24:39Z,{}
Libya,LY,libya,650,78473,13,1102,678,49592,2020-11-24T07:24:39Z,{}
Liechtenstein,LI,liechtenstein,44,1156,4,12,69,952,2020-11-24T07:24:39Z,{}
Lithuania,LT,lithuania,1179,48226,6,392,87,11032,2020-11-24T07:24:39Z,{}
Luxembourg,LU,luxembourg,1349,31111,13,273,1990,22004,2020-11-24T07:24:39Z,{}
"Macao, SAR China",MO,macao-sar-china,0,0,0,0,0,0,2020-11-24T07:24:39Z,{}
"Macedonia, Republic of",MK,macedonia,384,55127,35,1546,528,32894,2020-11-24T07:24:39Z,{}
Madagascar,MG,madagascar,0,17341,0,251,0,16657,2020-11-24T07:24:39Z,{}
Malawi,MW,malawi,6,6009,0,185,2,5443,2020-11-24T07:24:39Z,{}
Malaysia,MY,malaysia,1884,56659,2,337,883,42480,2020-11-24T07:24:39Z,{}
Maldives,MV,maldives,150,12758,0,46,16,11615,2020-11-24T07:24:39Z,{}
Mali,ML,mali,71,4326,1,146,20,3044,2020-11-24T07:24:39Z,{}
Malta,MT,malta,80,9004,2,113,177,6831,2020-11-24T07:24:39Z,{}
Marshall Islands,MH,marshall-islands,0,4,0,0,0,1,2020-11-24T07:24:39Z,{}
Mauritania,MR,mauritania,39,8167,0,169,18,7609,2020-11-24T07:24:39Z,{}
Mauritius,MU,mauritius,0,494,0,10,0,433,2020-11-24T07:24:39Z,{}
Mexico,MX,mexico,7483,1049358,250,101926,5589,784693,2020-11-24T07:24:39Z,{}
Moldova,MD,moldova,477,98418,20,2169,1326,80882,2020-11-24T07:24:39Z,{}
Monaco,MC,monaco,1,583,0,3,6,518,2020-11-24T07:24:39Z,{}
Mongolia,MN,mongolia,32,672,0,0,2,342,2020-11-24T07:24:39Z,{}
Montenegro,ME,montenegro,556,31618,5,444,540,20031,2020-11-24T07:24:39Z,{}
Morocco,MA,morocco,2587,327528,80,5396,4701,275158,2020-11-24T07:24:39Z,{}
Mozambique,MZ,mozambique,72,15109,2,126,78,13229,2020-11-24T07:24:39Z,{}
Myanmar,MM,myanmar,1259,80505,26,1765,1130,59888,2020-11-24T07:24:39Z,{}
Namibia,NA,namibia,32,13897,0,145,9,13234,2020-11-24T07:24:39Z,{}
Nepal,NP,nepal,1980,222288,16,1337,3043,202067,2020-11-24T07:24:39Z,{}
Netherlands,NL,netherlands,5170,489818,54,8945,0,0,2020-11-24T07:24:39Z,{}
New Zealand,NZ,new-zealand,1,2031,0,25,0,1953,2020-11-24T07:24:39Z,{}
Nicaragua,NI,nicaragua,0,5725,0,159,0,4225,2020-11-24T07:24:39Z,{}
Niger,NE,niger,13,1381,0,70,0,1166,2020-11-24T07:24:39Z,{}
Nigeria,NG,nigeria,56,66439,1,1168,165,62241,2020-11-24T07:24:39Z,{}
Norway,NO,norway,418,33183,5,311,0,17998,2020-11-24T07:24:39Z,{}
Oman,OM,oman,275,122356,6,1386,308,113577,2020-11-24T07:24:39Z,{}
Pakistan,PK,pakistan,2954,379883,48,7744,875,331760,2020-11-24T07:24:39Z,{}
Palestinian Territory,PS,palestine,1552,73196,9,645,517,59538,2020-11-24T07:24:39Z,{}
Panama,PA,panama,875,155658,16,2973,1042,137004,2020-11-24T07:24:39Z,{}
Papua New Guinea,PG,papua-new-guinea,26,630,0,7,2,588,2020-11-24T07:24:39Z,{}
Paraguay,PY,paraguay,596,77072,8,1665,555,55046,2020-11-24T07:24:39Z,{}
Peru,PE,peru,1589,949670,46,35595,0,879439,2020-11-24T07:24:39Z,{}
Philippines,PH,philippines,1796,420614,50,8173,118,386604,2020-11-24T07:24:39Z,{}
Poland,PL,poland,15002,876333,156,13774,14897,438868,2020-11-24T07:24:39Z,{}
Portugal,PT,portugal,4044,264802,74,3971,3908,176827,2020-11-24T07:24:39Z,{}
Qatar,QA,qatar,186,137415,0,236,204,134486,2020-11-24T07:24:39Z,{}
Republic of Kosovo,XK,kosovo,645,34940,12,926,353,21396,2020-11-24T07:24:39Z,{}
Romania,RO,romania,4207,422852,130,10177,1696,296844,2020-11-24T07:24:39Z,{}
Russian Federation,RU,russia,24891,2096749,354,36192,15955,1598723,2020-11-24T07:24:39Z,{}
Rwanda,RW,rwanda,61,5726,0,47,33,5197,2020-11-24T07:24:39Z,{}
Réunion,RE,réunion,0,0,0,0,0,0,2020-11-24T07:24:39Z,{}
Saint Kitts and Nevis,KN,saint-kitts-and-nevis,0,20,0,0,0,19,2020-11-24T07:24:39Z,{}
Saint Lucia,LC,saint-lucia,3,223,0,2,46,106,2020-11-24T07:24:39Z,{}
Saint Vincent and Grenadines,VC,saint-vincent-and-the-grenadines,0,84,0,0,0,78,2020-11-24T07:24:39Z,{}
San Marino,SM,san-marino,33,1428,1,44,67,1149,2020-11-24T07:24:39Z,{}
Sao Tome and Principe,ST,sao-tome-and-principe,2,981,0,17,3,926,2020-11-24T07:24:39Z,{}
Saudi Arabia,SA,saudi-arabia,231,355489,16,5796,445,343816,2020-11-24T07:24:39Z,{}
Senegal,SN,senegal,15,15897,0,330,28,15516,2020-11-24T07:24:39Z,{}
Serbia,RS,serbia,5067,126187,38,1237,0,0,2020-11-24T07:24:39Z,{}
Seychelles,SC,seychelles,3,166,0,0,0,159,2020-11-24T07:24:39Z,{}
Sierra Leone,SL,sierra-leone,1,2406,0,74,0,1828,2020-11-24T07:24:39Z,{}
Singapore,SG,singapore,5,58165,0,28,4,58071,2020-11-24T07:24:39Z,{}
Slovakia,SK,slovakia,231,96472,22,693,2050,47933,2020-11-24T07:24:39Z,{}
Slovenia,SI,slovenia,470,65778,45,1097,421,44558,2020-11-24T07:24:39Z,{}
Solomon Islands,SB,solomon-islands,0,16,0,0,0,5,2020-11-24T07:24:39Z,{}
Somalia,SO,somalia,0,4445,0,113,0,3412,2020-11-24T07:24:39Z,{}
South Africa,ZA,south-africa,2080,769759,65,20968,1096,711195,2020-11-24T07:24:39Z,{}
South Sudan,SS,south-sudan,0,3047,0,60,0,1290,2020-11-24T07:24:39Z,{}
Spain,ES,spain,25886,1582616,512,43131,0,150376,2020-11-24T07:24:39Z,{}
Sri Lanka,LK,sri-lanka,337,20508,3,90,428,14497,2020-11-24T07:24:39Z,{}
Sudan,SD,sudan,0,16052,0,1197,0,9737,2020-11-24T07:24:39Z,{}
Suriname,SR,suriname,1,5297,0,116,5,5173,2020-11-24T07:24:39Z,{}
Swaziland,SZ,swaziland,14,6233,0,120,11,5869,2020-11-24T07:24:39Z,{}
Sweden,SE,sweden,0,208295,0,6406,0,0,2020-11-24T07:24:39Z,{}
Switzerland,CH,switzerland,9751,300352,166,4222,26000,206700,2020-11-24T07:24:39Z,{}
Syrian Arab Republic (Syria),SY,syria,70,7295,4,380,58,3155,2020-11-24T07:24:39Z,{}
"Taiwan, Republic of China",TW,taiwan,1,618,0,7,1,549,2020-11-24T07:24:39Z,{}
Tajikistan,TJ,tajikistan,38,11932,0,86,41,11312,2020-11-24T07:24:39Z,{}
"Tanzania, United Republic of",TZ,tanzania,0,509,0,21,0,183,2020-11-24T07:24:39Z,{}
Thailand,TH,thailand,2,3922,0,60,6,3772,2020-11-24T07:24:39Z,{}
Timor-Leste,TL,timor-leste,0,30,0,0,0,30,2020-11-24T07:24:39Z,{}
Togo,TG,togo,11,2854,0,64,26,2274,2020-11-24T07:24:39Z,{}
Trinidad and Tobago,TT,trinidad-and-tobago,25,6475,0,115,12,5622,2020-11-24T07:24:39Z,{}
Tunisia,TN,tunisia,485,89196,41,2862,1597,63846,2020-11-24T07:24:39Z,{}
Turkey,TR,turkey,6713,453535,153,12511,3254,377891,2020-11-24T07:24:39Z,{}
Uganda,UG,uganda,197,18165,9,181,64,8675,2020-11-24T07:24:39Z,{}
Ukraine,UA,ukraine,11227,653442,131,11423,4190,303782,2020-11-24T07:24:39Z,{}
United Arab Emirates,AE,united-arab-emirates,1065,160055,2,554,707,149578,2020-11-24T07:24:39Z,{}
United Kingdom,GB,united-kingdom,15465,1531267,207,55327,11,3333,2020-11-24T07:24:39Z,{}
United States of America,US,united-states,169190,12416039,889,257671,107087,4633600,2020-11-24T07:24:39Z,{}
Uruguay,UY,uruguay,64,4763,0,71,85,3764,2020-11-24T07:24:39Z,{}
Uzbekistan,UZ,uzbekistan,157,71774,1,604,227,69054,2020-11-24T07:24:39Z,{}
Vanuatu,VU,vanuatu,0,1,0,0,0,0,2020-11-24T07:24:39Z,{}
Venezuela (Bolivarian Republic),VE,venezuela,308,100143,2,873,630,94985,2020-11-24T07:24:39Z,{}
Viet Nam,VN,vietnam,5,1312,0,35,9,1151,2020-11-24T07:24:39Z,{}
Western Sahara,EH,western-sahara,0,10,0,1,0,8,2020-11-24T07:24:39Z,{}
Yemen,YE,yemen,8,2107,1,609,11,1459,2020-11-24T07:24:39Z,{}
Zambia,ZM,zambia,30,17454,0,357,0,16701,2020-11-24T07:24:39Z,{}
Zimbabwe,ZW,zimbabwe,88,9308,5,273,38,8288,2020-11-24T07:24:39Z,{}
